{
  "n_unidades": 6224,
  "n_celdas": 748,
  "k_opt": 5,
  "method_primary": "K-Means (K=5, AE d=8 coseno)",
  "sil_km_ae_euclidiano": 0.10045168312018554,
  "sil_km_ae_coseno": 0.12243656773089504,
  "sil_km_features_22d": 0.05161223954182547,
  "sil_km_pca": 0.05136756516740947,
  "sil_hdbscan": -0.026236920636836126,
  "delta_coseno_vs_euclidiano": 0.021984884610709493,
  "delta_ae_vs_22d": 0.04883944357836007,
  "db_km_ae": 2.0238790888193017,
  "ch_km_ae": 595.4111087910323,
  "db_km_pca": 2.8264735650918427,
  "ch_km_pca": 330.1490929091548,
  "hdb_n_clusters": 75,
  "hdb_n_noise": 2307,
  "hdb_noise_pct": 37.06619537275064,
  "estabilidad_media": 0.5163907987437398,
  "celdas_estables_100": 20,
  "km_n_init": 20,
  "hdb_min_cluster_size": 20,
  "hdb_min_samples": 5,
  "seed": 42
}