{
  "n_unidades": 6224,
  "dim_input": 22,
  "d_pca": 16,
  "pca_var_target": 0.9,
  "pca_var_retenida": 0.9058805704116821,
  "mse_pca_d16": 0.09411942213773727,
  "mse_pca_d8": 0.4599866271018982,
  "ae_latent_dim": 8,
  "ae_hidden": 16,
  "ae_batch_norm": true,
  "ae_z_normalized": true,
  "mse_ae_d8": 0.42310285568237305,
  "mejora_ae_vs_pca8_pct": 8.018444286501941,
  "best_val_mse": 0.42682226141166074,
  "best_epoch": 186,
  "epochs_run": 216,
  "seed": 42,
  "ae_lr": 0.001,
  "ae_dropout": 0.15,
  "ae_weight_decay": 0.0001,
  "ae_batch_size": 64,
  "ae_patience": 30,
  "umap_n_neighbors": 15,
  "umap_min_dist": 0.1
}